{"train/loss": 2.4678, "train/learning_rate": 1.9999919431344955e-05, "train/epoch": 0.0, "train/global_step": 190, "_timestamp": 1714424175.6971958, "_runtime": 41.71168565750122, "_step": 18, "_wandb": {"runtime": 41}}